<?xml version="1.0" encoding="utf-8" standalone="yes"?>
<rss version="2.0" xmlns:atom="http://www.w3.org/2005/Atom" xmlns:content="http://purl.org/rss/1.0/modules/content/">
  <channel>
    <title>Onmyojis on GAME OKKO</title>
    <link>https://gameokko.com/onmyoji/</link>
    <description>Recent content in Onmyojis on GAME OKKO</description>
    <image>
      <title>GAME OKKO</title>
      <url>https://gameokko.com/%3Clink%20or%20path%20of%20image%20for%20opengraph,%20twitter-cards%3E</url>
      <link>https://gameokko.com/%3Clink%20or%20path%20of%20image%20for%20opengraph,%20twitter-cards%3E</link>
    </image>
    <generator>Hugo -- gohugo.io</generator>
    <language>en-US</language>
    <lastBuildDate>Fri, 11 Aug 2023 02:18:09 +0700</lastBuildDate><atom:link href="https://gameokko.com/onmyoji/index.xml" rel="self" type="application/rss+xml" />
    <item>
      <title>Onmyoji: SSR Kujaku Myoo</title>
      <link>https://gameokko.com/onmyoji/ssr-kujaku-myoo/</link>
      <pubDate>Fri, 11 Aug 2023 02:18:09 +0700</pubDate>
      
      <guid>https://gameokko.com/onmyoji/ssr-kujaku-myoo/</guid>
      <description>Bộ kỹ năng SSR Kujaku Myoo trong Onmyoji.</description>
    </item>
    
    <item>
      <title>Onmyoji: Shikigami List</title>
      <link>https://gameokko.com/onmyoji/onmyoji-wiki/</link>
      <pubDate>Fri, 11 Aug 2023 02:18:09 +0700</pubDate>
      
      <guid>https://gameokko.com/onmyoji/onmyoji-wiki/</guid>
      <description>Tra cứu thông tin thức thần trong Onmyoji.</description>
    </item>
    
    <item>
      <title>SSR Kujaku Myoo</title>
      <link>https://gameokko.com/onmyoji/ssr-kujaku-myoo-copy-2/</link>
      <pubDate>Fri, 11 Aug 2023 02:18:09 +0700</pubDate>
      
      <guid>https://gameokko.com/onmyoji/ssr-kujaku-myoo-copy-2/</guid>
      <description>Bộ kỹ năng SSR Kujaku Myoo trong Onmyoji.</description>
    </item>
    
    <item>
      <title>SSR Kujaku Myoo</title>
      <link>https://gameokko.com/onmyoji/ssr-kujaku-myoo-copy-3/</link>
      <pubDate>Fri, 11 Aug 2023 02:18:09 +0700</pubDate>
      
      <guid>https://gameokko.com/onmyoji/ssr-kujaku-myoo-copy-3/</guid>
      <description>Bộ kỹ năng SSR Kujaku Myoo trong Onmyoji.</description>
    </item>
    
    <item>
      <title>SSR Kujaku Myoo</title>
      <link>https://gameokko.com/onmyoji/ssr-kujaku-myoo-copy-4/</link>
      <pubDate>Fri, 11 Aug 2023 02:18:09 +0700</pubDate>
      
      <guid>https://gameokko.com/onmyoji/ssr-kujaku-myoo-copy-4/</guid>
      <description>Bộ kỹ năng SSR Kujaku Myoo trong Onmyoji.</description>
    </item>
    
    <item>
      <title>SSR Kujaku Myoo</title>
      <link>https://gameokko.com/onmyoji/ssr-kujaku-myoo-copy-5/</link>
      <pubDate>Fri, 11 Aug 2023 02:18:09 +0700</pubDate>
      
      <guid>https://gameokko.com/onmyoji/ssr-kujaku-myoo-copy-5/</guid>
      <description>Bộ kỹ năng SSR Kujaku Myoo trong Onmyoji.</description>
    </item>
    
    <item>
      <title>SSR Kujaku Myoo</title>
      <link>https://gameokko.com/onmyoji/ssr-kujaku-myoo-copy-6/</link>
      <pubDate>Fri, 11 Aug 2023 02:18:09 +0700</pubDate>
      
      <guid>https://gameokko.com/onmyoji/ssr-kujaku-myoo-copy-6/</guid>
      <description>Bộ kỹ năng SSR Kujaku Myoo trong Onmyoji.</description>
    </item>
    
    <item>
      <title>SSR Kujaku Myoo</title>
      <link>https://gameokko.com/onmyoji/ssr-kujaku-myoo-copy-7/</link>
      <pubDate>Fri, 11 Aug 2023 02:18:09 +0700</pubDate>
      
      <guid>https://gameokko.com/onmyoji/ssr-kujaku-myoo-copy-7/</guid>
      <description>Bộ kỹ năng SSR Kujaku Myoo trong Onmyoji.</description>
    </item>
    
    <item>
      <title>SSR Kujaku Myoo</title>
      <link>https://gameokko.com/onmyoji/ssr-kujaku-myoo-copy-8/</link>
      <pubDate>Fri, 11 Aug 2023 02:18:09 +0700</pubDate>
      
      <guid>https://gameokko.com/onmyoji/ssr-kujaku-myoo-copy-8/</guid>
      <description>Bộ kỹ năng SSR Kujaku Myoo trong Onmyoji.</description>
    </item>
    
  </channel>
</rss>
