<?xml version="1.0" encoding="utf-8" standalone="yes"?>
<rss version="2.0" xmlns:atom="http://www.w3.org/2005/Atom" xmlns:content="http://purl.org/rss/1.0/modules/content/">
  <channel>
    <title>Wikis on GAME OKKO</title>
    <link>https://demo555.netlify.app/wikis/wikis/</link>
    <description>Recent content in Wikis on GAME OKKO</description>
    <image>
      <title>GAME OKKO</title>
      <url>https://demo555.netlify.app/wikis/%3Clink%20or%20path%20of%20image%20for%20opengraph,%20twitter-cards%3E</url>
      <link>https://demo555.netlify.app/wikis/%3Clink%20or%20path%20of%20image%20for%20opengraph,%20twitter-cards%3E</link>
    </image>
    <generator>Hugo -- gohugo.io</generator>
    <language>en</language>
    <lastBuildDate>Fri, 11 Aug 2023 02:18:09 +0700</lastBuildDate><atom:link href="https://demo555.netlify.app/wikis/wikis/index.xml" rel="self" type="application/rss+xml" />
    <item>
      <title>trang chính onmyoji</title>
      <link>https://demo555.netlify.app/wikis/wikis/onmyoji/</link>
      <pubDate>Fri, 11 Aug 2023 02:18:09 +0700</pubDate>
      
      <guid>https://demo555.netlify.app/wikis/wikis/onmyoji/</guid>
      <description>Bộ kỹ năng SSR Kujaku Myoo trong Onmyoji.</description>
    </item>
    
  </channel>
</rss>
