<?xml version="1.0" encoding="utf-8" standalone="yes"?>
<rss version="2.0" xmlns:atom="http://www.w3.org/2005/Atom" xmlns:content="http://purl.org/rss/1.0/modules/content/">
  <channel>
    <title>Tags on GAME OKKO</title>
    <link>https://gameokko.com/tags/</link>
    <description>Recent content in Tags on GAME OKKO</description>
    <image>
      <title>GAME OKKO</title>
      <url>https://gameokko.com/%3Clink%20or%20path%20of%20image%20for%20opengraph,%20twitter-cards%3E</url>
      <link>https://gameokko.com/%3Clink%20or%20path%20of%20image%20for%20opengraph,%20twitter-cards%3E</link>
    </image>
    <generator>Hugo -- gohugo.io</generator>
    <language>en-US</language><atom:link href="https://gameokko.com/tags/index.xml" rel="self" type="application/rss+xml" />
  </channel>
</rss>
