<?xml version="1.0" encoding="utf-8" standalone="yes"?>
<rss version="2.0" xmlns:atom="http://www.w3.org/2005/Atom" xmlns:content="http://purl.org/rss/1.0/modules/content/">
  <channel>
    <title>Faqs on GAME OKKO</title>
    <link>https://gameokko.com/vi/faq/</link>
    <description>Recent content in Faqs on GAME OKKO</description>
    <image>
      <title>GAME OKKO</title>
      <url>https://gameokko.com/%3Clink%20or%20path%20of%20image%20for%20opengraph,%20twitter-cards%3E</url>
      <link>https://gameokko.com/%3Clink%20or%20path%20of%20image%20for%20opengraph,%20twitter-cards%3E</link>
    </image>
    <generator>Hugo -- gohugo.io</generator>
    <language>vi</language>
    <lastBuildDate>Fri, 11 Aug 2023 02:18:09 +0700</lastBuildDate><atom:link href="https://gameokko.com/vi/faq/index.xml" rel="self" type="application/rss+xml" />
    <item>
      <title>FAQ</title>
      <link>https://gameokko.com/vi/faq/faq/</link>
      <pubDate>Fri, 11 Aug 2023 02:18:09 +0700</pubDate>
      
      <guid>https://gameokko.com/vi/faq/faq/</guid>
      <description>help help help help help .</description>
    </item>
    
  </channel>
</rss>
